bigram,attack,normal,z
write → write,39307,1215439,-645.9419239026854
mmap → mmap,12259,376529,-355.31643669043547
mprotect → mprotect,5988,432330,-316.55124514713253
openat → newfstatat,12469,197653,-280.52780464632355
connect → connect,2018,419313,-231.95663778515646
newfstatat → newfstatat,3945,147272,-213.52743849239144
openat → read,3401,116076,-192.77435189554456
read → read,1168,223735,-173.32757214039415
read → close,805,273899,-160.42132813680598
read → wait4,1645,27267,-103.47155475044588
mmap → clone,899,26854,-94.85769120620252
newfstatat → openat,4312,23583,-91.63615593177583
rt_sigaction → rt_sigaction,663,21864,-84.09304841909565
munmap → mmap,2990,17729,-80.84482176310165
dup → dup,212,42133,-74.29540740185138
brk → brk,85,117804,-65.18283561983982
setsockopt → connect,505,10369,-62.33448400141142
pread64 → pread64,6005,17878,-60.95629990221843
lseek → close,112,17942,-51.710313382283076
socket → setsockopt,3156,10537,-50.44209200164114
write → read,193,5698,-43.785033969138475
close → dup,316,4022,-40.42859040798864
dup → close,290,4028,-40.286541734308145
socket → bind,685,3961,-38.00303229804784
unlink → symlink,998,4097,-34.84329219964087
read → write,56,5287,-32.57497684557046
clone → read,93,2439,-29.221490045868215
newfstatat → mmap,5988,11389,-28.86486748209626
clone → mmap,74,2591,-28.652765468554005
getsockname → close,67,2626,-28.22325513182348
brk → close,206,1782,-26.843221632616636
kill → kill,8,68252,-25.689707080073227
writev → clone,40,2758,-25.5171213400991
brk → openat,53,1984,-24.765576516463366
newfstatat → recvfrom,125,1422,-24.115512908283666
getdents64 → brk,51,1709,-23.4754751308631
recvfrom → newfstatat,87,1273,-22.581533086925756
read → openat,1680,3864,-22.262352614904614
sendto → newfstatat,96,1194,-22.051269775766063
ioctl → recvfrom,6876,11456,-21.520297001749114
brk → newfstatat,50,1324,-21.51361786754987
newfstatat → sendto,104,1058,-20.803405110541096
newfstatat → brk,83,1031,-20.492901213960753
getsockname → sendto,10,3924,-18.579733466594316
read → clone,113,823,-17.972375288096142
writev → read,9,3759,-17.850001467683576
kill → wait4,8,4379,-17.658013652354736
read → lseek,3,32451,-16.75061439133181
ioctl → connect,48,645,-16.16089739448233
wait4 → read,1283,2664,-16.133379752185615
exit_group → read,53,610,-15.796556717628347
connect → recvfrom,33,658,-15.787174444448608
sendto → setsockopt,60,584,-15.44423603883291
newfstatat → read,3,11124,-14.744271218277392
close → dup2,27,565,-14.549954458922775
getdents64 → openat,5586,8541,-14.084740831095484
connect → newfstatat,244,812,-13.964311345382974
mprotect → clone,14,660,-13.698064567091734
recvfrom → connect,77,479,-13.396914867367489
lseek → lseek,2,14027,-13.360813640044173
fcntl → close,38,424,-13.177429848934123
dup2 → dup2,19,467,-12.956714283962675
setsockopt → newfstatat,272,781,-12.384661165643509
read → newfstatat,2,6961,-12.251453135362306
clone → mprotect,3,2917,-12.234515979034896
wait4 → brk,128,514,-12.218349944715307
getpid → write,63,388,-12.034282970233225
futex → futex,0,7976280,-11.964685957408273
recvfrom → setsockopt,54,355,-11.638247509821557
newfstatat → ioctl,356,880,-11.49901754200499
fcntl → fcntl,1,12453,-10.829278493998222
recvfrom → ioctl,7270,10275,-10.681398337167082
setsockopt → ioctl,53,307,-10.574792035786258
brk → write,11,323,-10.512367528245692
brk → getdents64,80,349,-10.401768086582823
getpid → exit_group,2,1871,-10.169384404379596
clock_nanosleep → getpid,42,268,-10.06156429229595
chroot → wait4,2,1598,-9.91909363051857
setsockopt → recvfrom,30,245,-9.913318435714007
dup2 → close,435,925,-9.835544139800776
mprotect → futex,0,374901,-9.450068558238211
futex → mprotect,0,370035,-9.44065286454594
bind → getsockname,1,3909,-9.40861553104348
openat → fcntl,6,322,-9.395056586164156
rt_sigprocmask → rt_sigprocmask,0,331276,-9.36100005148808
getuid → getgid,16,213,-9.30641416073154
write → brk,7,276,-9.2550669284745
getpid → newfstatat,6,304,-9.244687540592617
clone → set_robust_list,0,258901,-9.184059772402438
openat → brk,51,250,-9.147387535622496
exit → rt_sigprocmask,0,225571,-9.085402748936028
rt_sigprocmask → clone,0,217291,-9.058658386268116
set_robust_list → rt_sigprocmask,0,213374,-9.045653380802733
brk → mmap,0,212621,-9.043126273276222
mmap → brk,0,211123,-9.038072475892932
madvise → exit,0,197565,-8.990648057809338
futex → clock_nanosleep,0,182795,-8.935169137415867
clock_nanosleep → futex,0,182491,-8.933981183965212
lseek → read,0,180596,-8.926531518012043
futex → madvise,0,171277,-8.888731321646542
newfstatat → lseek,0,170806,-8.886767096884787
rt_sigprocmask → futex,0,169097,-8.879594638677913
sched_yield → sched_yield,0,138145,-8.735519860287036
epoll_ctl → epoll_wait,0,99798,-8.504213197297256
epoll_wait → epoll_ctl,0,99789,-8.504149100441099
rt_sigprocmask → madvise,0,98324,-8.493638131322792
brk → futex,0,92199,-8.44793622639242
futex → brk,0,89553,-8.42725047461292
rt_sigprocmask → set_robust_list,0,82799,-8.371558455652345
madvise → madvise,0,81386,-8.35933605979097
connect → getsockname,0,75862,-8.309435274969243
close → getpid,691,1231,-8.30858209494404
getsockname → connect,0,73296,-8.285010824446253
clone → rt_sigprocmask,0,72380,-8.276085027713902
write → futex,0,62617,-8.17327575319599
futex → write,0,62359,-8.17034687807871
close → kill,0,61729,-8.163143902695907
set_robust_list → wait4,0,58528,-8.125375102992413
futex → rt_sigprocmask,0,56505,-8.10042820051764
wait4 → chroot,2,496,-8.057771117339833
madvise → rt_sigprocmask,0,46263,-7.9586425817713735
readlinkat → readlinkat,0,45927,-7.953475951879235
bind → ioctl,17,154,-7.91242446509568
rt_sigprocmask → exit,0,41385,-7.879675045975364
futex → kill,0,36627,-7.793138794917757
set_robust_list → futex,0,35407,-7.76913962749387
mmap → write,26,161,-7.753463507875691
kill → read,0,34114,-7.742786146261198
openat → ftruncate,5,187,-7.736107151922125
rt_sigreturn → futex,0,33552,-7.7310192639923585
brk → read,1,996,-7.730300698626248
kill → futex,0,33376,-7.727293772654724
pipe2 → clone,0,31770,-7.692363308017801
exit_group → pipe2,0,31754,-7.692006509061591
mmap → munmap,0,31224,-7.680084955636292
read → brk,1,949,-7.670885077535015
set_robust_list → close,0,30695,-7.667982691436753
madvise → futex,0,29705,-7.6447635958002556
futex → clone,0,29580,-7.641777097938116
ioctl → newfstatat,456,852,-7.625939575855187
rt_sigprocmask → writev,0,28462,-7.614491322942101
exit_group → rt_sigreturn,0,27427,-7.588259766294595
read → getpid,1,881,-7.579480127538152
close → brk,198,453,-7.565896973868115
munmap → rt_sigprocmask,0,26519,-7.564419694305459
rt_sigprocmask → getpid,0,26142,-7.554280903687788
tgkill → rt_sigprocmask,0,25903,-7.547777481150575
getpid → gettid,0,25894,-7.5475314130356095
gettid → tgkill,0,25891,-7.547449371348201
writev → mmap,0,25852,-7.54638196457639
futex → mmap,0,25505,-7.536813345709472
mmap → futex,0,25357,-7.532692587301329
kill → close,0,24774,-7.5162230365901905
clone → futex,0,23232,-7.470722555893184
futex → set_robust_list,0,22890,-7.4602226779382255
exit → clone,0,21178,-7.4051880585443755
exit → exit,0,19428,-7.34413345521791
poll → sendto,0,17346,-7.263897831662204
readlink → readlink,0,17271,-7.260830829104154
exit_group → munmap,0,16271,-7.218615447164258
madvise → brk,0,15930,-7.203624840983788
brk → mprotect,0,15494,-7.1839838542848895
set_robust_list → madvise,0,14995,-7.16081537346994
set_robust_list → set_robust_list,0,14414,-7.132848527137603
set_robust_list → clone,0,14195,-7.122013412619007
clone → exit,0,13463,-7.084544905380727
sendto → poll,0,13046,-7.062278884253636
mprotect → brk,0,13023,-7.061030168306979
futex → getpid,0,12570,-7.035976108359907
madvise → clone,0,12561,-7.035469252623647
connect → poll,0,12214,-7.015645191545916
futex → exit,0,11564,-6.9769474313535635
newfstatat → fcntl,0,11478,-6.971665247333394
clone → madvise,0,11463,-6.9707398860194685
set_robust_list → exit,0,11236,-6.956586384521644
rt_sigreturn → clone,0,11064,-6.945670496074844
fcntl → getdents64,0,10999,-6.94150108281923
poll → close,0,10769,-6.9265474095640664
brk → madvise,0,10532,-6.910800881266338
write → rt_sigreturn,0,10444,-6.904863725728471
write → lseek,2,241,-6.902825817689021
pidfd_send_signal → poll,0,9979,-6.872636726703723
alarm → pidfd_send_signal,0,9824,-6.861559882096523
exit → futex,0,9576,-6.843468283159604
mmap → mprotect,0,9558,-6.842137006965706
exit → mmap,0,9441,-6.833422137600627
poll → recvfrom,0,9340,-6.825811772860887
close → chroot,2,229,-6.820826906382442
close → getppid,0,9249,-6.818884121567423
rt_sigaction → clock_nanosleep,0,9247,-6.818731101399645
clock_nanosleep → alarm,0,9246,-6.818654578908168
getppid → openat,0,9160,-6.81204250012656
close → fcntl,20,124,-6.803176762169994
access → access,801,1304,-6.791088232903303
getpid → kill,0,8766,-6.780934285591861
munmap → exit_group,0,8271,-6.739807916375436
read → futex,0,8127,-6.727380966420199
futex → read,0,7951,-6.71189002913336
kill → clock_nanosleep,0,7910,-6.7082321227133965
rt_sigprocmask → mmap,0,7813,-6.699502021057357
recvmsg → recvmsg,0,7700,-6.689194208456757
wait4 → munmap,0,7641,-6.683751994291262
madvise → mmap,0,7130,-6.634779053815367
madvise → set_robust_list,0,7048,-6.6265949270005065
set_robust_list → rt_sigaction,0,6747,-6.595714704715085
exit → set_robust_list,0,6544,-6.574100638502741
exit → madvise,0,6452,-6.5640833906566645
clone → pidfd_open,0,6364,-6.554367126891484
statx → statx,0,6149,-6.530051756922622
pidfd_open → set_robust_list,0,6124,-6.5271693842594845
mmap → exit,0,6034,-6.516694525699625
recvfrom → recvmsg,1,368,-6.504466150535173
mprotect → mmap,0,5780,-6.486267291883954
set_robust_list → exit_group,0,5722,-6.479131926094454
wait4 → set_robust_list,0,5719,-6.4787608909422785
munmap → openat,4,119,-6.449258498414682
kill → rt_sigreturn,0,5400,-6.438153860619799
mprotect → rt_sigprocmask,0,5344,-6.430778514979084
futex → rt_sigreturn,0,5231,-6.4156578531473345
mmap → rt_sigprocmask,0,4912,-6.371141107598154
lseek → newfstatat,0,4782,-6.352164338356159
recvmsg → ioctl,3,130,-6.344206577046607
munmap → futex,0,4612,-6.32655478833183
bind → listen,5,104,-6.31373056571724
rt_sigreturn → kill,0,4376,-6.289392226441092
brk → exit_group,9,96,-6.281456011392523
sendto → recvmsg,0,4124,-6.247429162281948
symlink → readlink,0,4103,-6.243817242567893
readlink → unlink,0,4095,-6.242436407876859
kill → clone,0,3797,-6.188980360710833
setsockopt → bind,18,105,-6.1836124766238
set_robust_list → pidfd_open,0,3634,-6.157936614561526
pidfd_open → rt_sigaction,0,3618,-6.154814646875843
recvmsg → close,0,3580,-6.14734428289767
ioctl → recvmsg,4,103,-6.132733680376881
accept → read,0,3475,-6.1262826700716255
rt_sigprocmask → accept,0,3421,-6.115201791257025
getpid → unlink,2,147,-6.107348746066737
rt_sigreturn → rt_sigreturn,0,3305,-6.09079476619724
brk → wait4,115,272,-6.088905674543644
socket → madvise,0,3248,-6.07848589273606
prlimit64 → access,3,112,-6.057542394138552
exit → connect,0,3137,-6.0538833120741975
madvise → setsockopt,0,3103,-6.046172938108375
setsockopt → exit,0,3087,-6.0425152401221025
mmap → set_robust_list,0,3006,-6.023702223215052
getpid → tgkill,0,2985,-6.018741986795606
ftruncate → openat,7,88,-6.010373146640347
recvfrom → poll,0,2865,-5.989710496118548
write → poll,0,2825,-5.979762381440381
mprotect → write,1,239,-5.971286054998397
rt_sigprocmask → mprotect,0,2776,-5.967382137261895
connect → rt_sigprocmask,0,2765,-5.96457286440524
mprotect → set_robust_list,0,2762,-5.963804758798373
epoll_pwait → epoll_pwait,0,2709,-5.950095530359844
set_robust_list → mmap,0,2692,-5.945641348547482
tgkill → clock_nanosleep,0,2633,-5.929961436224028
munmap → brk,0,2570,-5.912825641489323
exit_group → futex,0,2519,-5.898643187680198
readlink → openat,0,2506,-5.894982109436859
munmap → close,0,2478,-5.887031756455336
poll → write,0,2451,-5.8792797767582305
read → set_robust_list,0,2300,-5.83428658754936
read → uname,0,2280,-5.828106692283626
uname → newfstatat,0,2279,-5.827796275680036
write → mprotect,2,115,-5.710732715821838
newfstatat → pread64,0,1860,-5.6840355914994785
futex → munmap,0,1818,-5.667873100976577
munmap → munmap,0,1818,-5.667873100976577
mkdir → getpid,6,78,-5.657204837452616
mmap → madvise,0,1783,-5.654116389122879
bind → recvfrom,8,78,-5.651540701024878
getpid → clone,5,79,-5.644512159975488
openat → readlink,0,1734,-5.634396127212601
recvmsg → recvfrom,1,180,-5.6202622812433845
recvfrom → bind,18,92,-5.603452181726039
poll → sendmmsg,0,1609,-5.581448322648324
clone → chroot,0,1606,-5.58012757250154
close → execve,1,173,-5.571093160785008
close → set_robust_list,0,1583,-5.5699190482183445
getdents64 → readlinkat,0,1542,-5.551347608565254
readlinkat → getdents64,0,1542,-5.551347608565254
rt_sigprocmask → read,0,1523,-5.542573155761451
set_robust_list → kill,0,1465,-5.515094246677716
clone → rt_sigaction,0,1436,-5.500943820354376
newfstatat → poll,0,1355,-5.459851379594662
poll → newfstatat,0,1309,-5.4354061660614965
wait4 → futex,0,1248,-5.401629253415779
write → madvise,0,1238,-5.39593485854241
brk → munmap,0,1230,-5.3913461041071
getpid → futex,0,1204,-5.376223665446228
mmap → mremap,0,1184,-5.3643669604374375
futex → exit_group,0,1164,-5.352308116313985
rt_sigprocmask → epoll_wait,0,1152,-5.344972881339947
rt_sigaction → prlimit64,0,1112,-5.319957719782885
mremap → brk,0,1095,-5.309052416659815
futex → lseek,0,1078,-5.297976348580287
wait4 → rt_sigreturn,0,1064,-5.2887228280457315
rt_sigprocmask → clock_nanosleep,0,1063,-5.288057206941567
poll → ioctl,0,1043,-5.274611534389784
exit_group → brk,11,73,-5.274488353209747
sendmmsg → poll,0,1021,-5.2595199777129515
set_robust_list → mprotect,0,1011,-5.25255227357224
exit → mprotect,0,997,-5.242680723428814
readlinkat → openat,0,949,-5.207749676891311
close → readlinkat,0,948,-5.207003285190867
pwrite64 → pwrite64,1,129,-5.206818781135087
close → poll,0,941,-5.201756374201164
rt_sigaction → alarm,0,925,-5.189615244578597
tgkill → futex,0,919,-5.185008052405337
recvfrom → sendmmsg,2,83,-5.182238253734865
rt_sigaction → rt_sigprocmask,0,915,-5.181919835296495
lseek → futex,0,909,-5.177262081848742
epoll_wait → write,0,907,-5.17570265688999
pipe → clone,0,898,-5.168642386366446
connect → writev,0,889,-5.16151093616729
prlimit64 → alarm,0,885,-5.158318177387208
writev → rt_sigprocmask,0,876,-5.151081341096559
write → rt_sigprocmask,0,865,-5.142134578580644
clone → kill,0,840,-5.121370093752511
epoll_wait → clone,0,837,-5.118836893267145
chroot → newfstatat,0,833,-5.115445119112891
setpgid → rt_sigaction,0,823,-5.106893843521264
alarm → setpgid,0,822,-5.106033002836191
futex → epoll_wait,0,805,-5.091236117843396
futex → wait4,0,771,-5.060680122019892
set_robust_list → munmap,0,760,-5.050504910981345
newfstatat → access,1,111,-5.019941773156998
futex → openat,0,727,-5.01907049281544
alarm → rt_sigaction,0,716,-5.008274091515174
pipe → pipe,0,709,-5.001316858878034
exit → write,0,650,-4.9397881649069655
rt_sigprocmask → rseq,0,649,-4.938697770068904
poll → poll,0,638,-4.926591173895946
sendmmsg → sendto,0,626,-4.913143309089083
rt_sigaction → set_robust_list,0,621,-4.907463697643962
set_robust_list → alarm,0,621,-4.907463697643962
wait4 → pipe,0,607,-4.891313832841136
poll → socket,0,603,-4.886631050415281
read → rt_sigprocmask,0,600,-4.8830985092263814
lseek → write,0,591,-4.872393801105457
rt_sigprocmask → munmap,0,590,-4.871194328553038
newfstatat → readlink,0,585,-4.865166269630227
futex → tgkill,0,585,-4.865166269630227
socket → poll,0,580,-4.859086405338397
getrandom → newfstatat,0,563,-4.838015079994247
ioctl → brk,17,75,-4.823137240002263
exit → exit_group,0,551,-4.822754060546334
set_tid_address → set_robust_list,0,548,-4.818886807757775
rt_sigprocmask → prlimit64,0,548,-4.818886807757775
munmap → set_tid_address,0,531,-4.796563869269303
rseq → rt_sigprocmask,0,531,-4.796563869269303
recvmsg → sendto,1,92,-4.786141845122958
madvise → mprotect,0,517,-4.777636225540292
prlimit64 → mmap,0,509,-4.766588643898523
openat → futex,0,505,-4.760999481634701
close → recvmsg,1,90,-4.7587457236603985
newfstatat → getrandom,0,501,-4.755365813808754
recvmsg → newfstatat,0,501,-4.755365813808754
recvmsg → socket,0,471,-4.7116196417566885
rt_sigprocmask → write,0,465,-4.702536200304174
rt_sigaction → setpgid,0,465,-4.702536200304174
close → readlink,0,464,-4.701010890690703
poll → read,0,462,-4.697950370959966
brk → socket,29,94,-4.655638993363018
close → mprotect,0,428,-4.643787644226963
poll → dup2,0,423,-4.6354609398006374
exit → poll,0,421,-4.632102625717499
prlimit64 → rt_sigaction,0,419,-4.6287282960346605
poll → setsockopt,0,417,-4.625337797309205
sendmmsg → recvfrom,1,78,-4.580245332307985
setsockopt → poll,0,389,-4.576081586557956
access → newfstatat,0,388,-4.574257412602756
exit → munmap,0,383,-4.565065328936185
munmap → clone,0,382,-4.563212495741301
poll → exit_group,0,374,-4.548212539487809
munmap → mprotect,0,374,-4.548212539487809
fcntl → brk,0,368,-4.536750149352892
alarm → prlimit64,0,365,-4.530948566547798
read → kill,0,356,-4.513252849845957
symlink → getpid,4,49,-4.499855770606308
read → poll,0,329,-4.457344893650679
brk → rt_sigprocmask,0,328,-4.4551869499129975
rt_sigaction → write,0,324,-4.4464887644433295
connect → exit,0,323,-4.444297410199391
rt_sigreturn → wait4,0,317,-4.431004848441484
getrandom → getrandom,1,69,-4.427138686566566
fcntl → alarm,0,314,-4.4242637530068185
rt_sigaction → wait4,0,314,-4.4242637530068185
madvise → connect,0,308,-4.410585817107173
setsockopt → madvise,0,307,-4.408280237662753
kill → set_robust_list,0,305,-4.4036464226083565
mprotect → exit,0,301,-4.394286767443916
read → epoll_pwait,0,300,-4.391927384196536
epoll_pwait → clock_nanosleep,0,300,-4.391927384196536
epoll_ctl → epoll_ctl,0,297,-4.384801671020881
munmap → write,0,292,-4.3727636955818365
poll → connect,0,290,-4.36789058350725
newfstatat → connect,554,844,-4.360987259708421
clock_nanosleep → rt_sigaction,0,277,-4.335370245025803
readlink → access,0,272,-4.322453469700783
ioctl → poll,0,265,-4.303964577383468
pidfd_open → clock_nanosleep,0,258,-4.2849797487853944
close → madvise,0,255,-4.276684883920558
sched_getaffinity → sched_setaffinity,0,253,-4.2711004745730445
sched_setaffinity → sched_getaffinity,0,252,-4.26829166102204
newfstatat → recvmsg,0,250,-4.2626403740859145
epoll_wait → epoll_wait,0,246,-4.251200617581852
mprotect → madvise,0,243,-4.242497816306892
close → munmap,0,242,-4.239572942307509
close → linkat,0,241,-4.236635932837737
rseq → clone,0,241,-4.236635932837737
munmap → chroot,0,236,-4.221765271260445
close → pipe,0,232,-4.209639647018933
recvfrom → getsockname,0,228,-4.197302699998954
dup2 → poll,0,219,-4.168732453729786
readlink → newfstatat,0,218,-4.165485621835253
kill → brk,0,216,-4.1589469419091785
chroot → getpid,0,212,-4.145685574021967
exit → clock_nanosleep,0,212,-4.145685574021967
rt_sigprocmask → rt_sigaction,0,207,-4.1287517285879565
newfstatat → munmap,0,205,-4.121863132615744
lseek → copy_file_range,0,204,-4.118393536941611
clock_nanosleep → madvise,0,204,-4.118393536941611
getpid → rt_sigreturn,0,204,-4.118393536941611
ftruncate → lseek,0,204,-4.118393536941611
timer_delete → write,0,203,-4.1149068548928085
timer_settime → timer_delete,0,200,-4.104342587727321
rt_sigprocmask → execve,0,197,-4.09361830484206
close → futex,0,196,-4.090007141158628
geteuid → getegid,0,189,-4.06419977487807
alarm → fcntl,0,188,-4.0604350076519315
write → munmap,0,188,-4.0604350076519315
clock_adjtime → clock_adjtime,0,187,-4.056650116922201
madvise → write,0,187,-4.056650116922201
rt_sigreturn → brk,0,186,-4.052844886553618
munmap → getuid,0,184,-4.045172524786872
fcntl → dup2,0,184,-4.045172524786872
fcntl → newfstatat,0,183,-4.041304943316372
rt_sigaction → brk,0,182,-4.0374161219042355
getpid → rt_sigaction,0,180,-4.029573817708642
ioctl → setsockopt,57,130,-4.026090485925456
rt_sigaction → pread64,0,179,-4.025619854314513
rt_sigaction → geteuid,0,179,-4.025619854314513
getgid → getpid,0,178,-4.021643689581021
getegid → rt_sigaction,0,178,-4.021643689581021
accept → rt_sigprocmask,0,175,-4.009579460491822
madvise → clock_nanosleep,0,172,-3.997306138652093
set_robust_list → brk,0,170,-3.9890041378765027
clock_nanosleep → clock_gettime,0,170,-3.9890041378765027
write → exit,0,170,-3.9890041378765027
clock_adjtime → clock_nanosleep,0,170,-3.9890041378765027
brk → getppid,0,169,-3.9848163539016044
geteuid → brk,0,168,-3.980603659032236
getppid → getcwd,0,167,-3.97636575536289
set_robust_list → accept,0,166,-3.972102339614861
exit_group → getpid,0,166,-3.972102339614861
clock_nanosleep → clock_adjtime,0,165,-3.967813103006305
ioctl → rt_sigaction,0,162,-3.9547872948111817
sysinfo → prlimit64,0,162,-3.9547872948111817
mprotect → rseq,0,161,-3.9503915721056764
rt_sigprocmask → openat,0,159,-3.941517425483525
clock_nanosleep → pidfd_send_signal,0,156,-3.9279941821210853
alarm → clock_nanosleep,0,156,-3.9279941821210853
exit → close,0,154,-3.9188330796488913
execve → munmap,0,154,-3.9188330796488913
exit_group → poll,0,154,-3.9188330796488913
lseek → ftruncate,0,153,-3.9142077087130227
mmap → lseek,0,152,-3.909551934962583
clock_nanosleep → exit,0,151,-3.9048653564208173
mq_timedreceive → mq_timedreceive,0,149,-3.895398136738897
write → getpid,79,162,-3.8914004529299007
pread64 → fcntl,0,145,-3.8760754355948994
getsockname → recvfrom,0,144,-3.871161266449931
close → rt_sigprocmask,0,144,-3.871161266449931
rt_sigreturn → getpid,0,144,-3.871161266449931
mprotect → openat,0,143,-3.8662127689753913
clock_gettime → clock_nanosleep,0,143,-3.8662127689753913
rt_sigreturn → clock_nanosleep,0,142,-3.861229460633934
getcwd → geteuid,0,140,-3.85115642971032
clone → munmap,0,133,-3.8147282681786185
clock_nanosleep → rt_sigprocmask,0,132,-3.809367905778113
getpid → rt_sigprocmask,0,132,-3.809367905778113
clock_gettime → clock_gettime,0,131,-3.803966679055416
wait4 → arch_prctl,0,131,-3.803966679055416
clone → rseq,0,129,-3.7930391092727205
timer_create → timer_settime,0,129,-3.7930391092727205
clock_nanosleep → rt_sigreturn,0,128,-3.787511467720255
munmap → set_robust_list,0,128,-3.787511467720255
unlinkat → close,0,128,-3.787511467720255
rt_sigreturn → tgkill,0,127,-3.781940363937315
exit → socket,0,124,-3.764959314734616
copy_file_range → lseek,0,124,-3.764959314734616
rt_sigaction → mmap,0,123,-3.7592073131068973
rt_sigprocmask → brk,0,122,-3.753408238407733
linkat → close,0,121,-3.7475613146501483
poll → madvise,0,121,-3.7475613146501483
poll → recvmsg,0,121,-3.7475613146501483
exit_group → alarm,0,121,-3.7475613146501483
linkat → unlinkat,0,120,-3.741665746514127
munmap → newfstatat,0,119,-3.735720718699369
msgctl → msgctl,0,117,-3.7236789188551507
madvise → read,0,117,-3.7236789188551507
pread64 → lseek,0,116,-3.717580410107933
rseq → mprotect,0,116,-3.717580410107933
read → exit,0,114,-3.705223662858826
openat → uname,0,112,-3.6926476465132834
exit → openat,0,111,-3.686274956258144
write → set_robust_list,0,110,-3.679844448015838
unlink → creat,0,110,-3.679844448015838
prlimit64 → sysinfo,0,108,-3.6668057184398664
creat → writev,0,108,-3.6668057184398664
tgkill → write,0,108,-3.6668057184398664
exit_group → rt_sigaction,0,108,-3.6668057184398664
write → timer_create,0,108,-3.6668057184398664
newfstatat → sendmmsg,0,108,-3.6668057184398664
poll → bind,0,107,-3.6601952933161694
clock_nanosleep → set_robust_list,0,107,-3.6601952933161694
rseq → rseq,0,105,-3.646786578457767
rt_sigtimedwait → rt_sigprocmask,0,105,-3.646786578457767
dup2 → fcntl,0,103,-3.6331193316711077
exit → setsockopt,0,103,-3.6331193316711077
rt_sigprocmask → rt_sigtimedwait,0,100,-3.612111340461684
exit → timer_settime,0,100,-3.612111340461684
stat → stat,0,99,-3.604968023318002
exit_group → clone3,0,99,-3.604968023318002
timer_create → madvise,0,99,-3.604968023318002
brk → ioctl,16,54,-3.603419538379587
futex → timer_create,0,98,-3.597752000523519
readlink → brk,0,98,-3.597752000523519
getsockname → setsockopt,0,98,-3.597752000523519
munmap → madvise,0,97,-3.590461778874834
epoll_wait → rt_sigprocmask,0,96,-3.5830958187341264
madvise → socket,0,94,-3.5681302804859456
socket → exit,0,93,-3.5605273729135236
openat → rt_sigprocmask,0,92,-3.552842063490366
recvmsg → poll,0,91,-3.5450725490881907
arch_prctl → futex,0,91,-3.5450725490881907
clone3 → close_range,0,91,-3.5450725490881907
futex → arch_prctl,0,89,-3.529273391264751
rt_sigreturn → arch_prctl,0,89,-3.529273391264751
close_range → wait4,0,89,-3.529273391264751
madvise → munmap,0,89,-3.529273391264751
write → openat2,0,88,-3.521239831857235
madvise → close,0,88,-3.521239831857235
arch_prctl → rt_sigreturn,0,88,-3.521239831857235
write → mmap,182,304,-3.520890350964716
arch_prctl → brk,0,86,-3.504894454493991
read → accept,0,86,-3.504894454493991
close → stat,0,86,-3.504894454493991
execve → arch_prctl,0,85,-3.4965783012212435
getppid → read,0,85,-3.4965783012212435
close → link,0,85,-3.4965783012212435
link → unlink,0,85,-3.4965783012212435
unlink → rename,0,85,-3.4965783012212435
arch_prctl → uname,0,85,-3.4965783012212435
rt_sigreturn → close,0,84,-3.48816348656798
openat2 → write,0,84,-3.48816348656798
close → exit,0,84,-3.48816348656798
sched_getaffinity → madvise,0,84,-3.48816348656798
rseq → exit,0,82,-3.4710283257797725
lseek → brk,0,82,-3.4710283257797725
mmap → close,8576,10818,-3.453933123117782
copy_file_range → pread64,0,80,-3.4534689918983204
poll → exit,0,79,-3.4445236054960433
futex → newfstatat,0,79,-3.4445236054960433
readlink → faccessat2,0,79,-3.4445236054960433
read → mmap,0,79,-3.4445236054960433
mprotect → munmap,2994,3905,-3.429532290767628
read → madvise,0,76,-3.4169901396860416
futex → close,0,76,-3.4169901396860416
set_robust_list → write,0,76,-3.4169901396860416
madvise → poll,0,76,-3.4169901396860416
unshare → sethostname,0,75,-3.407569656911152
epoll_wait → set_robust_list,0,75,-3.407569656911152
sched_setaffinity → madvise,0,75,-3.407569656911152
uname → readlink,0,73,-3.3883449874731055
futex → sched_getaffinity,0,73,-3.3883449874731055
futex → socket,0,72,-3.378533755968429
connect → bind,15,49,-3.3628793742144625
getuid → geteuid,0,70,-3.3584947685570423
rt_sigaction → exit_group,0,69,-3.34825903693143
prlimit64 → readlink,0,68,-3.3378735391242507
sched_getaffinity → write,0,68,-3.3378735391242507
mmap → read,0,68,-3.3378735391242507
rt_sigaction → pipe,0,68,-3.3378735391242507
mremap → openat,0,67,-3.3273338361971727
futex → chroot,0,65,-3.305773046808097
rt_sigprocmask → wait4,0,65,-3.305773046808097
access → readlink,0,64,-3.294742032532085
futex → sched_setaffinity,0,64,-3.294742032532085
sched_setaffinity → pread64,0,64,-3.294742032532085
pread64 → sched_setaffinity,0,64,-3.294742032532085
rename → unlink,0,64,-3.294742032532085
rseq → madvise,0,63,-3.283536930210569
settimeofday → settimeofday,0,63,-3.283536930210569
epoll_wait → madvise,0,63,-3.283536930210569
ftruncate → write,0,63,-3.283536930210569
unlink → futex,0,63,-3.283536930210569
mprotect → newfstatat,0,63,-3.283536930210569
lseek → openat,0,62,-3.272152168887862
bind → poll,0,62,-3.272152168887862
clone → epoll_wait,0,62,-3.272152168887862
sendmmsg → newfstatat,0,61,-3.2605819062465944
faccessat2 → readlink,0,61,-3.2605819062465944
getegid → prctl,0,60,-3.2488200107129384
sched_setaffinity → sched_setaffinity,0,60,-3.2488200107129384
alarm → set_robust_list,0,60,-3.2488200107129384
rt_sigprocmask → close,0,60,-3.2488200107129384
sched_setaffinity → write,0,60,-3.2488200107129384
getgid → getegid,0,60,-3.2488200107129384
execve → execve,0,60,-3.2488200107129384
geteuid → getgid,0,60,-3.2488200107129384
brk → kill,0,59,-3.236860042063418
munmap → getpid,0,59,-3.236860042063418
epoll_create → epoll_ctl,0,59,-3.236860042063418
exit_group → set_robust_list,0,58,-3.2246952303802674
close → sysinfo,0,58,-3.2246952303802674
getsockname → poll,0,58,-3.2246952303802674
brk → sysinfo,0,57,-3.212318453183828
brk → prlimit64,0,57,-3.212318453183828
exit → rseq,0,57,-3.212318453183828
read → rt_sigreturn,0,57,-3.212318453183828
stat → close,0,56,-3.1997222105492846
read → pread64,2994,3883,-3.1929967800796746
pread64 → newfstatat,2994,3883,-3.1929967800796746
dup2 → stat,0,55,-3.186898597990884
stat → write,0,55,-3.186898597990884
rt_sigprocmask → newfstatat,0,54,-3.173839276869113
execve → close,0,54,-3.173839276869113
vfork → close,0,54,-3.173839276869113
access → pipe2,0,54,-3.173839276869113
pipe2 → vfork,0,54,-3.173839276869113
mmap → newfstatat,0,53,-3.160535442044446
set_robust_list → clock_nanosleep,0,53,-3.160535442044446
epoll_create → epoll_create,0,52,-3.1469777864647135
newfstatat → futex,0,52,-3.1469777864647135
poll → getsockname,0,52,-3.1469777864647135
chroot → mmap,0,51,-3.1331564623308155
wait4 → rt_sigaction,0,51,-3.1331564623308155
read → sched_setaffinity,0,51,-3.1331564623308155
sendto → getsockname,0,50,-3.119061038436594
openat → getpid,90,157,-2.8183646596873086
setsockopt → sendto,281,401,-2.2223187307456116
sendto → bind,18,40,-2.1424658915694756
getpid → openat,88,141,-2.117548848697845
bind → sendto,19,40,-1.9902087268008597
newfstatat → setsockopt,453,615,-1.9895190057169603
getpid → getpid,28,53,-1.9294945961431196
rt_sigaction → openat,40,70,-1.886653019254215
wait4 → getpid,39,57,-0.9346968500479874
socket → newfstatat,482,606,-0.7606782968894713
socket → sendmmsg,33,47,-0.739582521017969
unlink → exit_group,101,129,-0.4624108143168879
getpid → clock_nanosleep,30,39,-0.3163393804536693
sendto → connect,301,359,0.08166807348004036
read → writev,3152,3768,0.15914394285424702
write → setns,27,31,0.1782532111656351
wait4 → fcntl,101,105,1.0333352463228829
close → rt_sigaction,65,65,1.0433873226174508
getpid → socket,44,40,1.2732338996992854
brk → recvfrom,35,27,1.7228845433277042
close → getsockname,52,41,2.009724152724485
newfstatat → write,1655,1854,2.035241790742849
getpid → mkdir,39,27,2.1921759661288474
newfstatat → socket,849,882,3.000432702366002
openat → lseek,114,88,3.107969867130158
prlimit64 → wait4,147,118,3.252508502321879
clone → prlimit64,77,51,3.2874694508777207
listen → setpgid,50,0,3.375636156074409
wait4 → open,50,0,3.375636156074409
pivot_root → write,52,0,3.4036008449796773
rmdir → recvfrom,52,0,3.4036008449796773
capset → write,52,0,3.4036008449796773
clock_nanosleep → ftruncate,52,0,3.4036008449796773
accept4 → wait4,52,0,3.4036008449796773
bind → setsockopt,58,33,3.4144723644912194
mmap → mkdir,53,0,3.4171811365940137
sendmsg → chdir,53,0,3.4171811365940137
prctl → io_uring_setup,53,0,3.4171811365940137
symlink → prctl,54,0,3.430506782697789
accept4 → clock_nanosleep,54,0,3.430506782697789
close → accept4,54,0,3.430506782697789
bind → sendmsg,54,0,3.430506782697789
exit_group → mount,54,0,3.430506782697789
chmod → close,54,0,3.430506782697789
io_uring_setup → write,55,0,3.4435871346262648
ioctl → getsockopt,55,0,3.4435871346262648
write → capset,55,0,3.4435871346262648
mount → setsid,55,0,3.4435871346262648
read → perf_event_open,55,0,3.4435871346262648
write → perf_event_open,55,0,3.4435871346262648
symlink → recvfrom,55,0,3.4435871346262648
symlink → sendto,56,0,3.456431038687561
prctl → creat,56,0,3.456431038687561
sendto → unlink,56,0,3.456431038687561
ioctl → symlink,56,0,3.456431038687561
symlink → setpgid,57,0,3.4690468718443754
setns → recvfrom,57,0,3.4690468718443754
unshare → mkdir,57,0,3.4690468718443754
recvfrom → setns,58,0,3.4814425743018833
chmod → prctl,58,0,3.4814425743018833
capset → openat,59,0,3.493625679318001
pivot_root → chdir,60,0,3.505603340515177
wait4 → accept4,61,0,3.517382356940652
write → capget,61,0,3.517382356940652
openat → readv,61,0,3.517382356940652
listen → openat,61,0,3.517382356940652
chdir → getsockopt,61,0,3.517382356940652
getsockopt → setns,61,0,3.517382356940652
connect → getsockopt,61,0,3.517382356940652
setsid → wait4,62,0,3.5289691960941734
openat → capget,63,0,3.540370015117698
capget → openat,63,0,3.540370015117698
setsid → setpgid,63,0,3.540370015117698
writev → recvfrom,64,0,3.5515906803202433
clock_nanosleep → open,64,0,3.5515906803202433
readv → wait4,65,0,3.56263678519232
setsid → unshare,65,0,3.56263678519232
perf_event_open → write,66,0,3.5735136670479375
exit_group → pivot_root,66,0,3.5735136670479375
add_key → write,67,0,3.584226422417695
umount2 → brk,67,0,3.584226422417695
fsetxattr → wait4,67,0,3.584226422417695
capset → close,67,0,3.584226422417695
rt_sigaction → mkdir,67,0,3.584226422417695
capget → close,68,0,3.594779921303674
socket → epoll_wait,68,0,3.594779921303674
connect → rmdir,69,0,3.6051788203956225
sendmsg → ioctl,69,0,3.6051788203956225
ioctl → access,69,0,3.6051788203956225
unlink → bind,70,0,3.6154275753378715
sendmmsg → unshare,70,0,3.6154275753378715
recvfrom → getdents64,70,0,3.6154275753378715
setpgid → creat,70,0,3.6154275753378715
capget → write,70,0,3.6154275753378715
listen → write,71,0,3.625530452127602
fsetxattr → clock_nanosleep,71,0,3.625530452127602
exit_group → listen,71,0,3.625530452127602
mkdir → unshare,71,0,3.625530452127602
writev → bind,72,0,3.6354915377172086
getsockopt → bind,72,0,3.6354915377172086
sendto → getdents64,72,0,3.6354915377172086
unlink → recvfrom,72,0,3.6354915377172086
openat → perf_event_open,72,0,3.6354915377172086
write → creat,72,0,3.6354915377172086
bpf → chdir,73,0,3.645314749886477
chdir → chmod,73,0,3.645314749886477
getsockopt → writev,73,0,3.645314749886477
sendmsg → umount2,73,0,3.645314749886477
socketpair → getsockopt,73,0,3.645314749886477
wait4 → fsetxattr,73,0,3.645314749886477
bpf → setpgid,73,0,3.645314749886477
wait4 → accept,74,0,3.655003846444084
socketpair → clock_nanosleep,75,0,3.6645624338123195
creat → write,76,0,3.673993975043956
getsockopt → connect,77,0,3.6833017973157403
prctl → setsid,77,0,3.6833017973157403
clock_nanosleep → pwritev,77,0,3.6833017973157403
brk → clock_nanosleep,79,0,3.701558955923814
open → openat,79,0,3.701558955923814
fanotify_init → close,79,0,3.701558955923814
clock_nanosleep → accept4,80,0,3.710514328131615
close → capset,80,0,3.710514328131615
unshare → getsockopt,81,0,3.719358065044817
close → capget,82,0,3.728092911183646
unshare → setsid,82,0,3.728092911183646
umount2 → bind,83,0,3.7367215111945895
recvfrom → getsockopt,84,0,3.7452464146344315
sendmsg → listen,84,0,3.7452464146344315
listen → prctl,85,0,3.7536700804714083
setpgid → unshare,85,0,3.7536700804714083
chmod → unshare,86,0,3.7619948813233073
symlink → bind,86,0,3.7619948813233073
clock_nanosleep → accept,87,0,3.770223107450728
ioctl → socketpair,87,0,3.770223107450728
access → ioctl,87,0,3.770223107450728
sendmsg → rmdir,88,0,3.778356970522301
unshare → setpgid,88,0,3.778356970522301
unlink → sendto,89,0,3.7863986071672717
setsockopt → rmdir,89,0,3.7863986071672717
setsid → setsid,91,0,3.8022133924375767
symlink → chdir,91,0,3.8022133924375767
recvfrom → chdir,92,0,3.8099904683984365
clock_nanosleep → socketpair,92,0,3.8099904683984365
dup → setpgid,92,0,3.8099904683984365
recvfrom → umount2,92,0,3.8099904683984365
keyctl → add_key,93,0,3.817683178433636
mount → setpgid,93,0,3.817683178433636
pwritev → clock_nanosleep,93,0,3.817683178433636
connect → symlink,93,0,3.817683178433636
pivot_root → clone,94,0,3.825293330760711
clock_nanosleep → fsetxattr,95,0,3.832822676134022
memfd_create → clock_nanosleep,95,0,3.832822676134022
fanotify_mark → close,96,0,3.840272910252378
sendmsg → newfstatat,97,0,3.8476456760419455
mount → ioctl,97,0,3.8476456760419455
bpf → prctl,97,0,3.8476456760419455
getdents64 → recvfrom,97,0,3.8476456760419455
sendmsg → mkdir,98,0,3.8549425658221064
socket → setns,99,0,3.862165123361396
sendto → mkdir,99,0,3.862165123361396
openat → io_uring_setup,99,0,3.862165123361396
sendto → umount2,99,0,3.862165123361396
dup → write,100,0,3.8693148458301283
setsockopt → symlink,101,0,3.8763931856559033
fcntl → writev,101,0,3.8763931856559033
openat → creat,102,0,3.8834015522877015
clone → listen,102,0,3.8834015522877015
getsockopt → recvfrom,103,0,3.890341313873935
prctl → unlink,103,0,3.890341313873935
clock_nanosleep → fcntl,104,0,3.897213798859438
getdents64 → sendto,104,0,3.897213798859438
sendto → unshare,104,0,3.897213798859438
sendto → chdir,107,0,3.917440314537866
mount → unshare,107,0,3.917440314537866
recvfrom → mkdir,107,0,3.917440314537866
writev → keyctl,109,0,3.930610976777147
sendto → getsockopt,109,0,3.930610976777147
recvfrom → unshare,109,0,3.930610976777147
setpgid → unlink,109,0,3.930610976777147
arch_prctl → access,2994,3252,3.936376977299451
symlink → getsockopt,110,0,3.937105658942877
setsockopt → mkdir,110,0,3.937105658942877
bind → setpgid,110,0,3.937105658942877
unshare → prctl,110,0,3.937105658942877
ioctl → mq_open,111,0,3.9435413710591876
perf_event_open → getsockopt,111,0,3.9435413710591876
mq_timedsend → openat,112,0,3.9499191731090053
connect → mkdir,112,0,3.9499191731090053
prctl → read,114,0,3.9625051464247028
accept4 → close,114,0,3.9625051464247028
mount → prlimit64,115,0,3.968715300091143
getsockopt → rmdir,115,0,3.968715300091143
setsid → openat,116,0,3.974871510359992
umount2 → sendto,116,0,3.974871510359992
perf_event_open → writev,116,0,3.974871510359992
mkdir → perf_event_open,116,0,3.974871510359992
recvfrom → symlink,116,0,3.974871510359992
sendto → symlink,117,0,3.980974705256624
bpf → write,118,0,3.9870257890803247
dup → prctl,119,0,3.99302564320579
setns → clock_nanosleep,120,0,3.9989751268510734
getsockopt → sendto,120,0,3.9989751268510734
close → creat,120,0,3.9989751268510734
bind → write,121,0,4.004875077813668
write → io_uring_setup,123,0,4.01652962998376
socket → unshare,123,0,4.01652962998376
umount2 → recvfrom,125,0,4.027995599794798
rmdir → getsockopt,126,0,4.033659752415524
close → accept,126,0,4.033659752415524
openat → chmod,129,0,4.050385509266678
wait4 → socketpair,63,31,4.05346180008573
socket → listen,130,0,4.055874160347243
setns → wait4,131,0,4.061320620634413
exit_group → bind,131,0,4.061320620634413
exit_group → dup,133,0,4.072089526438157
unshare → sendto,133,0,4.072089526438157
clone → pivot_root,133,0,4.072089526438157
mkdir → getsockopt,133,0,4.072089526438157
setpgid → read,133,0,4.072089526438157
clone → chmod,136,0,4.087942065584169
chmod → mount,137,0,4.093148389758845
chmod → clone,137,0,4.093148389758845
exit_group → symlink,138,0,4.098316733032102
clone → dup,139,0,4.103447645025796
io_uring_setup → io_uring_setup,141,0,4.113599314813382
prctl → mmap,141,0,4.113599314813382
mount → bpf,142,0,4.118621114002506
sendfile → clock_nanosleep,143,0,4.123607565341928
pread64 → mmap,2994,3236,4.1262417838625325
wait4 → sendfile,144,0,4.128559162524162
prlimit64 → mount,144,0,4.128559162524162
mkdir → recvfrom,145,0,4.133476388976851
pivot_root → mkdir,145,0,4.133476388976851
pivot_root → exit_group,146,0,4.138359718145236
getsockopt → mkdir,147,0,4.143209613764997
ftruncate → exit_group,148,0,4.148026530125831
mmap → arch_prctl,2994,3234,4.150007872734815
newfstatat → bind,86,49,4.154932962778785
getsockopt → unlink,151,0,4.16228381015144
unlink → getsockopt,151,0,4.16228381015144
clock_nanosleep → creat,151,0,4.16228381015144
umount2 → sendmsg,151,0,4.16228381015144
unshare → clock_nanosleep,152,0,4.166973172191813
mkdir → sendto,152,0,4.166973172191813
creat → ftruncate,153,0,4.171631693355238
rmdir → sendmsg,153,0,4.171631693355238
mkdir → sendmsg,153,0,4.171631693355238
listen → clone,154,0,4.176259776317463
clock_nanosleep → sendfile,156,0,4.185426199389356
arch_prctl → mprotect,2994,3230,4.19756207253386
mkdir → setsockopt,159,0,4.198957174725144
connect → getdents64,159,0,4.198957174725144
access → write,161,0,4.207836317221661
newfstatat → sendmsg,161,0,4.207836317221661
getsockopt → chdir,163,0,4.216605523153468
setpgid → listen,165,0,4.225267479487577
recvfrom → setpgid,167,0,4.233824775922052
openat → access,167,0,4.233824775922052
exit_group → bpf,168,0,4.2380649605074465
ioctl → creat,169,0,4.242279909523139
mount → rmdir,170,0,4.2464699213446275
sendfile → wait4,170,0,4.2464699213446275
socket → dup3,171,0,4.250635289089415
wait4 → creat,171,0,4.250635289089415
chmod → chmod,172,0,4.254776300739776
dup3 → ioctl,172,0,4.254776300739776
creat → clock_nanosleep,175,0,4.267056004398245
rmdir → setsockopt,175,0,4.267056004398245
sendmsg → getdents64,175,0,4.267056004398245
prctl → listen,175,0,4.267056004398245
pivot_root → bpf,176,0,4.271102372890259
dup → clone,177,0,4.275125752225418
getsockopt → symlink,178,0,4.279126401961811
unshare → recvfrom,178,0,4.279126401961811
symlink → rmdir,181,0,4.290994504206967
ioctl → dup,184,0,4.3026669756270985
perf_event_open → socket,184,0,4.3026669756270985
symlink → clone,185,0,4.306515430753782
fchdir → socket,187,0,4.314150156860961
chdir → sendmsg,187,0,4.314150156860961
clock_nanosleep → setns,187,0,4.314150156860961
io_uring_setup → exit_group,188,0,4.317936871319894
prctl → recvfrom,188,0,4.317936871319894
open → fchdir,188,0,4.317936871319894
setsockopt → unlink,189,0,4.321703443140907
write → pivot_root,189,0,4.321703443140907
perf_event_open → perf_event_open,189,0,4.321703443140907
prctl → prlimit64,190,0,4.325450085334696
bind → prctl,191,0,4.32917700755236
close → open,193,0,4.336572514285439
mmap → mount,193,0,4.336572514285439
setsockopt → getdents64,194,0,4.340241501928301
prctl → dup,194,0,4.340241501928301
chdir → unshare,195,0,4.343891575981534
memfd_create → ftruncate,195,0,4.343891575981534
setpgid → recvfrom,197,0,4.351135755839838
sendto → setpgid,199,0,4.358306569617394
mkdir → connect,203,0,4.372433936053228
symlink → exit_group,203,0,4.372433936053228
prctl → chdir,204,0,4.37592216853469
pivot_root → rmdir,204,0,4.37592216853469
rmdir → connect,206,0,4.382847496156693
accept → close,209,0,4.393110109521524
ioctl → chdir,210,0,4.396498187369699
setns → socket,213,0,4.4065662125894285
clock_nanosleep → memfd_create,215,0,4.41319955784576
listen → listen,215,0,4.41319955784576
chmod → mkdir,217,0,4.419771328757438
socket → chdir,218,0,4.423034478794567
dup → openat,218,0,4.423034478794567
listen → exit_group,219,0,4.426282657290759
mount → chmod,219,0,4.426282657290759
write → listen,219,0,4.426282657290759
perf_event_open → close,219,0,4.426282657290759
setpgid → dup,220,0,4.429516000919943
io_uring_setup → close,220,0,4.429516000919943
capset → unshare,222,0,4.4359387209952414
creat → creat,49,1,4.438877066926029
socket → symlink,225,0,4.445464851152835
listen → sendmsg,227,0,4.451745127906666
bpf → clone,228,0,4.45486449627129
creat → wait4,229,0,4.457970179917902
getdents64 → getsockopt,230,0,4.461062298325997
getsockopt → getdents64,234,0,4.473297455217701
prctl → pivot_root,234,0,4.473297455217701
pivot_root → openat,238,0,4.485324732802733
openat → listen,239,0,4.488299892308513
bpf → sendmsg,241,0,4.494212959548208
read → ioctl,41,10,4.506150856089932
pread64 → clock_nanosleep,52,1,4.513668798960489
setpgid → chdir,249,0,4.517383337093677
prlimit64 → setsid,249,0,4.517383337093677
chdir → pivot_root,253,0,4.528690184188968
recvfrom → write,254,0,4.531488899398283
getsockopt → newfstatat,257,0,4.5398192569949725
clock_nanosleep → listen,259,0,4.545318857138266
sendmsg → write,261,0,4.550776056622162
setpgid → pivot_root,263,0,4.556191503935261
mount → pivot_root,264,0,4.558883769132365
prctl → bind,268,0,4.569551580194543
setsockopt → umount2,268,0,4.569551580194543
chmod → chdir,270,0,4.5748257926318505
socket → rmdir,271,0,4.5774482338844384
umount2 → getsockopt,275,0,4.5878419025129915
socket → unlink,275,0,4.5878419025129915
recvfrom → exit_group,276,0,4.59041664562522
newfstatat → getsockopt,279,0,4.598085150159485
exit_group → sendto,282,0,4.605671459701743
clone → sendto,286,0,4.615661684145209
close → chmod,45,12,4.616733252669149
pivot_root → newfstatat,288,0,4.6206044093201335
dup → exit_group,288,0,4.6206044093201335
chdir → mount,290,0,4.625512855786707
listen → close,291,0,4.627954372380389
ftruncate → wait4,57,1,4.629122132729703
getsockopt → umount2,292,0,4.630387495528389
chdir → setsockopt,295,0,4.63763707624192
brk → arch_prctl,2994,3193,4.638834084055926
symlink → getdents64,298,0,4.644813150627151
setpgid → mount,298,0,4.644813150627151
setpgid → memfd_create,299,0,4.647189096914
prctl → mount,299,0,4.647189096914
recvfrom → sendmsg,300,0,4.649557093620297
prctl → unshare,58,1,4.65097961093282
setpgid → getsockopt,304,0,4.658950636701759
write → chdir,304,0,4.658950636701759
chdir → connect,305,0,4.661279670003959
write → writev,43,10,4.6641025837372005
read → prctl,59,1,4.672459152843755
write → getsockopt,310,0,4.67281123714613
dup → getsockname,311,0,4.675095173469921
unlink → connect,313,0,4.679641052259653
rmdir → ioctl,313,0,4.679641052259653
rmdir → pivot_root,313,0,4.679641052259653
connect → umount2,313,0,4.679641052259653
prctl → getsockopt,314,0,4.681903088469245
clock_nanosleep → unshare,315,0,4.684157917638
clone → unshare,315,0,4.684157917638
write → recvfrom,317,0,4.68864613746154
perf_event_open → clock_nanosleep,317,0,4.68864613746154
socket → mkdir,318,0,4.690879618340242
sendto → write,319,0,4.693106072636804
rmdir → mount,321,0,4.697538077294226
pivot_root → umount2,322,0,4.69974371453325
getdents64 → sendmsg,323,0,4.7019424989566785
setpgid → bind,324,0,4.704134472999233
getdents64 → setsockopt,324,0,4.704134472999233
dup → ioctl,325,0,4.706319678702814
perf_event_open → wait4,325,0,4.706319678702814
unlink → prctl,327,0,4.710669951325383
getsockopt → exit_group,332,0,4.721430056360044
ioctl → mmap,334,0,4.725688703337166
rmdir → symlink,340,0,4.738313004256426
bpf → rmdir,341,0,4.740395331589859
getdents64 → connect,341,0,4.740395331589859
listen → clock_nanosleep,341,0,4.740395331589859
unlink → setpgid,341,0,4.740395331589859
kexec_load → exit_group,344,0,4.746605800285659
clone → bpf,344,0,4.746605800285659
sendmmsg → connect,104,57,4.748727745761507
sendto → prctl,348,0,4.754802541229668
clone → unlink,349,0,4.756836977218704
umount2 → ioctl,349,0,4.756836977218704
openat → getsockopt,351,0,4.760888386454015
close → kexec_load,352,0,4.762905426074701
sendmsg → setpgid,357,0,4.77290527646576
getsockname → clock_nanosleep,362,0,4.7827657840900555
wait4 → perf_event_open,363,0,4.784721504207989
write → bind,368,0,4.794419840638956
openat → bind,369,0,4.79634365906228
capset → socket,371,0,4.800175675894149
ioctl → rmdir,373,0,4.803987052896105
mkdir → ioctl,375,0,4.807778011144769
exit_group → unlink,376,0,4.809665901355156
close → listen,377,0,4.81154876818452
sendmsg → openat,378,0,4.8134266382862725
wait4 → getsockname,381,0,4.819030531600525
connect → sendmsg,383,0,4.822741956067992
clone → symlink,384,0,4.824590393835177
rmdir → socket,386,0,4.828272846531664
accept → wait4,67,1,4.832097874489572
dup → socket,394,0,4.842813959469593
clock_nanosleep → getsockname,405,0,4.862332264376209
pivot_root → getdents64,405,0,4.862332264376209
wait4 → listen,407,0,4.865823919868694
mount → getdents64,409,0,4.869298430002679
exit_group → chdir,410,0,4.871029308002924
setpgid → sendto,410,0,4.871029308002924
symlink → unlink,412,0,4.874478413414383
getsockname → wait4,414,0,4.87791078767642
ioctl → umount2,420,0,4.888109126895767
mmap → exit_group,46,10,4.888824513998651
memfd_create → write,424,0,4.894827263458067
clock_nanosleep → perf_event_open,425,0,4.896496878076396
mkdir → chmod,434,0,4.911348727950339
prctl → rmdir,435,0,4.912979853462027
socket → dup2,438,0,4.917850789365877
newfstatat → pivot_root,441,0,4.922688422092459
sendfile → openat,441,0,4.922688422092459
connect → setpgid,442,0,4.924293644049983
getsockopt → openat,448,0,4.933849242392982
dup2 → sendto,449,0,4.9354293704641
getsockopt → setpgid,454,0,4.943277508004064
getsockname → getsockname,48,11,4.943926984628421
setsockopt → setpgid,457,0,4.947944942490945
socket → getdents64,458,0,4.949493936831306
close → io_uring_setup,460,0,4.952581788994866
ioctl → mkdir,461,0,4.954120676217037
ioctl → sendfile,461,0,4.954120676217037
bpf → openat,464,0,4.958717356836505
setpgid → rmdir,465,0,4.960242971254151
access → openat,3134,3324,4.9603379230702584
unlink → socket,466,0,4.961765303158936
umount2 → setsockopt,475,0,4.9753208727992275
bpf → pivot_root,476,0,4.976811139921958
sendto → clone,476,0,4.976811139921958
pwritev → ioctl,476,0,4.976811139921958
listen → wait4,478,0,4.9797822902227775
sendmsg → prctl,480,0,4.982741015765181
getsockopt → clone,482,0,4.985687420007635
mkdir → pivot_root,488,0,4.994453720347556
bpf → mount,492,0,5.0002381538804155
symlink → setsockopt,502,0,5.01449565846617
clock_nanosleep → sendmmsg,505,0,5.018717479838419
chdir → clone,505,0,5.018717479838419
bpf → newfstatat,505,0,5.018717479838419
mkdir → bpf,506,0,5.020119173828565
umount2 → connect,511,0,5.02708628887445
chdir → ioctl,514,0,5.0312338619144805
chdir → bpf,515,0,5.032611000641156
clock_nanosleep → dup,517,0,5.035357262355811
sendmsg → getsockopt,518,0,5.036726406028564
exit_group → sendmsg,519,0,5.0380929052682575
openat → pivot_root,521,0,5.0408180111628065
openat → symlink,521,0,5.0408180111628065
openat → fsetxattr,522,0,5.042176638028251
memfd_create → pwritev,523,0,5.043532660882711
socket → umount2,524,0,5.044886089686915
setsockopt → write,537,0,5.062249035763237
prctl → bpf,548,0,5.076615096760297
read → exit_group,270,202,5.0778377197606055
getdents64 → pivot_root,551,0,5.080483009459887
fsetxattr → close,552,0,5.081767628702678
prctl → symlink,553,0,5.083049919604115
clone → getsockopt,563,0,5.095746600620853
symlink → umount2,567,0,5.100762151751513
getpid → capget,575,0,5.110687826438461
sendmsg → getsockname,575,0,5.110687826438461
openat → memfd_create,579,0,5.115598926765429
capget → capset,580,0,5.116821393419177
getdents64 → ioctl,582,0,5.119260007837967
bind → exit_group,583,0,5.120476170087708
chdir → symlink,585,0,5.122902240600413
symlink → connect,587,0,5.125320019944542
getsockopt → sendmsg,593,0,5.132524172772773
connect → write,596,0,5.136098924418168
mount → prctl,600,0,5.140837334297184
getdents64 → mount,601,0,5.142016994433267
rmdir → bpf,601,0,5.142016994433267
getsockopt → prctl,612,0,5.154865067185163
chdir → umount2,615,0,5.158328966554594
setpgid → bpf,616,0,5.159479840948426
mkdir → exit_group,622,0,5.16634604544263
clock_nanosleep → io_uring_setup,630,0,5.175398535668158
dup → clock_nanosleep,634,0,5.179881709732036
umount2 → pivot_root,634,0,5.179881709732036
mount → exit_group,636,0,5.182112687651604
write → sendto,637,0,5.183225543813235
exit_group → connect,639,0,5.185446018073985
wait4 → sendmmsg,640,0,5.186553647109027
clone → sendmsg,641,0,5.18765954466173
perf_event_open → sendto,643,0,5.189866166911272
openat → mount,643,0,5.189866166911272
sendmmsg → clock_nanosleep,644,0,5.190966902340701
write → bpf,645,0,5.192065927753284
setsockopt → prctl,645,0,5.192065927753284
prctl → umount2,653,0,5.200797201793506
bpf → umount2,654,0,5.2018810728103855
wait4 → io_uring_setup,663,0,5.211561901828197
getdents64 → unlink,664,0,5.212629417318138
exit_group → getsockopt,665,0,5.213695324358751
wait4 → memfd_create,92,1,5.22916050767167
bpf → getdents64,685,0,5.23468298668462
exit_group → setsockopt,689,0,5.238806822247921
clock_nanosleep → brk,93,1,5.242671907296964
ioctl → unshare,93,1,5.242671907296964
socketpair → dup,698,0,5.247998486934006
symlink → socket,711,0,5.261067979343745
getdents64 → symlink,714,0,5.264050032355813
prctl → mkdir,714,0,5.264050032355813
io_uring_setup → clock_nanosleep,723,0,5.272921501948244
setpgid → newfstatat,727,0,5.276828945916885
socket → socketpair,727,0,5.276828945916885
creat → close,50,4,5.2854354518778015
bpf → mkdir,749,0,5.297942409862808
connect → prctl,750,0,5.298887301199168
openat → unshare,750,0,5.298887301199168
unshare → prlimit64,786,0,5.33208918914851
write → rmdir,792,0,5.33747443469895
socket → access,794,0,5.339260444622634
sendmmsg → exit_group,796,0,5.341041956672661
getsockopt → ioctl,101,1,5.345751264671573
getsockname → sendmsg,809,0,5.352513693839314
setpgid → mkdir,809,0,5.352513693839314
openat → sendto,815,0,5.357746241682684
mount → clock_nanosleep,820,0,5.362077325195736
umount2 → socket,821,0,5.362940368881792
pivot_root → clock_nanosleep,826,0,5.367239863525881
setpgid → umount2,827,0,5.368096635484488
write → symlink,103,1,5.370230656008507
setpgid → setsid,832,0,5.372364998665565
chdir → getdents64,832,0,5.372364998665565
mkdir → prctl,833,0,5.373215589382909
clone → setsockopt,835,0,5.374913708627339
clone → writev,56,3,5.380614742646049
mkdir → setpgid,853,0,5.390016086220135
sendto → exit_group,864,0,5.399089060571773
prctl → getdents64,868,0,5.402359683399711
setpgid → perf_event_open,871,0,5.404802764922499
write → sendmsg,874,0,5.4072374378834445
bpf → exit_group,877,0,5.4096637599596535
io_uring_setup → wait4,877,0,5.4096637599596535
prctl → sendmsg,878,0,5.410470688116444
bind → sendmmsg,108,1,5.429385966588667
close → perf_event_open,919,0,5.4427863660932845
exit_group → mkdir,922,0,5.445093962390008
rmdir → setpgid,933,0,5.45349132221801
newfstatat → bpf,934,0,5.454249798494026
pivot_root → wait4,937,0,5.456520359906857
perf_event_open → openat,945,0,5.462539799223058
sendmsg → clone,953,0,5.4685084479291755
openat → sendmsg,963,0,5.475899127242695
clone → connect,969,0,5.4802967519078765
setpgid → getdents64,976,0,5.485392997128705
mkdir → write,978,0,5.486842348854309
clock_nanosleep → writev,980,0,5.488288737046673
setsid → prlimit64,984,0,5.491172671132494
setpgid → sendmsg,988,0,5.494044895252693
mq_open → mq_timedsend,114,1,5.496821147815087
exit_group → rmdir,998,0,5.501174843135168
rmdir → prctl,1013,0,5.511736800276804
clone → rmdir,1020,0,5.516612258169895
chdir → chdir,1021,0,5.517306017095495
rmdir → write,1060,0,5.5438452151095765
setns → setns,57,4,5.5771477774252896
accept → clock_nanosleep,57,4,5.5771477774252896
mount → chdir,75,2,5.584842875763368
sendmmsg → wait4,1129,0,5.588490286358349
socket → setpgid,1193,0,5.6275234460392785
pwritev → wait4,128,1,5.641160201771557
prctl → setsockopt,1219,0,5.642785259354408
mkdir → rmdir,1233,0,5.650868774515223
chdir → setpgid,1264,0,5.66844589410818
getdents64 → bpf,1266,0,5.669565042522521
umount2 → bpf,1266,0,5.669565042522521
rt_sigaction → clone,73,22,5.669963311682854
setpgid → setsockopt,1303,0,5.689956163768073
openat → bpf,1306,0,5.691584020192892
symlink → clock_nanosleep,1309,0,5.693208138988835
openat → writev,1315,0,5.696445232072294
rmdir → chdir,1315,0,5.696445232072294
clone → mkdir,1329,0,5.70394133247993
writev → wait4,1347,0,5.713463901886799
umount2 → clone,1365,0,5.7228599773835676
newfstatat → setpgid,1373,0,5.726996280133855
prctl → connect,1387,0,5.734177114858836
clock_nanosleep → pivot_root,1393,0,5.737232439245151
wait4 → pivot_root,1403,0,5.74229550145918
newfstatat → prctl,1411,0,5.746320019158571
umount2 → symlink,1432,0,5.75677670997203
symlink → wait4,1437,0,5.759243779050904
chdir → write,1465,0,5.7729025748053395
newfstatat → symlink,1500,0,5.789613329912513
memfd_create → wait4,145,1,5.796360562497513
sendmmsg → socket,95,37,5.796792975785319
socket → bpf,1522,0,5.799918696054843
clock_nanosleep → bind,1529,0,5.803166438978661
socket → read,59,8,5.8040757859240815
clock_nanosleep → mount,1553,0,5.814189693973393
exit_group → socket,1565,0,5.819637564712437
bind → clock_nanosleep,1573,0,5.823246307228453
socket → write,1574,0,5.823696108275756
write → setsockopt,1577,0,5.825043797812726
setpgid → connect,1587,0,5.829517641670109
bpf → bpf,1593,0,5.832188428632259
umount2 → prctl,1600,0,5.83529165469604
clone → umount2,1626,0,5.846700179261177
creat → openat,151,1,5.8467807532955
prlimit64 → unshare,1629,0,5.848004785053032
wait4 → sendto,1643,0,5.854061331616601
umount2 → setpgid,1664,0,5.863050014882193
prlimit64 → prctl,157,1,5.895217313171394
exit_group → umount2,1758,0,5.9019414911220744
write → connect,1762,0,5.903549944108449
socket → prctl,1797,0,5.917470049086884
getdents64 → clone,1798,0,5.917863768993177
getsockopt → clock_nanosleep,1798,0,5.917863768993177
mq_timedsend → mq_timedsend,114,50,5.925283218131601
write → access,162,1,5.934174435303763
prlimit64 → clone,67,14,5.943389065246096
umount2 → rmdir,1955,0,5.977108821362767
umount2 → mkdir,1958,0,5.9781939478533275
getdents64 → setpgid,1959,0,5.978555287081754
mkdir → umount2,1975,0,5.984311751956275
wait4 → pwritev,96,2,5.987521353666024
fcntl → clock_nanosleep,96,2,5.987521353666024
rmdir → newfstatat,2003,0,5.994274201389967
getdents64 → prctl,2017,0,5.999203299338716
ioctl → bind,112,47,6.0365965812150755
symlink → mkdir,177,1,6.04415211067024
unlink → clock_nanosleep,2170,0,6.050944714443113
bpf → clock_nanosleep,2176,0,6.0528986559517115
clock_nanosleep → getsockopt,2206,0,6.062588215464757
close → pivot_root,2206,0,6.062588215464757
mkdir → socket,2213,0,6.064830141916151
exit_group → getdents64,2219,0,6.06674615397016
chdir → prctl,2230,0,6.070245420374284
clone → getdents64,2239,0,6.073095636874263
rmdir → umount2,2293,0,6.0899598963003605
umount2 → chdir,2299,0,6.091809123951493
clock_nanosleep → unlink,2317,0,6.097327977293364
wait4 → getsockopt,2405,0,6.123706075573688
getdents64 → mkdir,2546,0,6.16402169353348
mkdir → getdents64,2550,0,6.165132545820695
getdents64 → rmdir,2553,0,6.165964541758821
setsockopt → exit_group,2558,0,6.167349030803576
unlink → wait4,2579,0,6.173134475434499
sendto → wait4,2697,0,6.204791555931129
getdents64 → chdir,2732,0,6.213915274663986
openat → mkdir,2744,0,6.2170165130322905
connect → exit_group,2762,0,6.221643026761757
getsockopt → socket,2804,0,6.232321990247885
getsockopt → wait4,2826,0,6.237852051967366
wait4 → setns,208,1,6.244363140265096
rmdir → openat,2857,0,6.245571758619703
rmdir → getdents64,2891,0,6.253942779974968
wait4 → recvfrom,2901,0,6.256386110927962
socket → clone,2954,0,6.269196730574999
readv → clock_nanosleep,78,4,6.274340415812361
setpgid → symlink,3020,0,6.284831939119294
sendto → sendmmsg,89,26,6.327810074746082
recvfrom → wait4,3252,0,6.337201990965325
clock_nanosleep → setsockopt,3279,0,6.343052396428623
prctl → socket,3290,0,6.345422093257389
writev → exit_group,123,2,6.390295564811874
clock_nanosleep → symlink,3688,0,6.426223444185814
clock_nanosleep → connect,3691,0,6.426798771782203
connect → clock_nanosleep,3708,0,6.43005015347654
socket → exit_group,3711,0,6.430622378791523
setsockopt → clock_nanosleep,3764,0,6.44065611633123
wait4 → bpf,3853,0,6.4571915549468955
clone → chdir,3862,0,6.458842361225412
clock_nanosleep → bpf,3908,0,6.467220179374343
chmod → openat,129,2,6.467530504961405
openat → umount2,3971,0,6.478535508778781
chdir → clock_nanosleep,4030,0,6.488970775516948
wait4 → setsockopt,4154,0,6.510413330330195
mount → newfstatat,261,1,6.525498640338922
rmdir → clock_nanosleep,4284,0,6.532216750553456
mkdir → clock_nanosleep,4319,0,6.5379738871809545
umount2 → getdents64,4345,0,6.542220494472292
bind → openat,265,1,6.54431932498621
execve → brk,2994,3034,6.564125985895265
ioctl → setpgid,4491,0,6.56560468230841
wait4 → connect,4517,0,6.569689113434499
clock_nanosleep → rmdir,4706,0,6.598691629762167
mkdir → clone,4945,0,6.633742577534365
bpf → wait4,5043,0,6.6476276200696995
rmdir → wait4,5099,0,6.6554412856808165
mkdir → wait4,5130,0,6.659729890172951
clock_nanosleep → chdir,5307,0,6.683730696711361
socket → getsockopt,5355,0,6.690101477811051
close → bpf,5401,0,6.696153453101575
clock_nanosleep → mkdir,5426,0,6.699420988629021
connect → wait4,5564,0,6.717191193050712
setsockopt → wait4,5581,0,6.7193497222299365
wait4 → rmdir,5595,0,6.721122403763666
pivot_root → close,5806,0,6.747315016239496
sendmsg → socket,5823,0,6.749383716257988
getsockopt → setsockopt,6015,0,6.772337409423235
exit_group → ioctl,6169,0,6.790224809459556
setpgid → prctl,6237,0,6.797981489772439
ioctl → prctl,6330,0,6.808454090303174
rmdir → mkdir,7071,0,6.886783421888686
clone → ioctl,7097,0,6.889380414002922
write → setpgid,7145,0,6.894149967939323
exit_group → setpgid,7280,0,6.907394535881162
close → sendmmsg,93,21,6.90792916079524
getdents64 → umount2,7885,0,6.963882536144129
mmap → ioctl,384,1,7.002701338094898
clock_nanosleep → umount2,8348,0,7.0042583512389855
recvfrom → prctl,181,2,7.015268283166793
ioctl → sendmsg,8545,0,7.020762992015571
close → sendmsg,8597,0,7.025056104981263
setpgid → socket,8729,0,7.03583848878132
umount2 → clock_nanosleep,8819,0,7.043097065065496
getdents64 → clock_nanosleep,8992,0,7.056844022723587
clock_nanosleep → getdents64,9418,0,7.089598751154643
writev → writev,136,3,7.104497282059701
wait4 → sendmsg,10086,0,7.138091161168898
fcntl → wait4,90,9,7.143844060921558
sendmsg → clock_nanosleep,10220,0,7.147431137773582
prctl → ioctl,10307,0,7.153429844870533
umount2 → wait4,10454,0,7.163451511948365
bpf → close,10499,0,7.166491224856127
getdents64 → wait4,11011,0,7.200187575630971
setpgid → clone,11208,0,7.212737230526107
wait4 → getdents64,11322,0,7.219899148260767
clone → bind,207,2,7.231662314210849
setpgid → ioctl,11634,0,7.239137665245003
exit_group → prctl,11682,0,7.242051588655851
newfstatat → mount,469,1,7.24939404007749
ioctl → clone,11885,0,7.254244165421763
rmdir → close,12068,0,7.265058425724001
mmap → unshare,477,1,7.270248737202342
close → getsockopt,12263,0,7.276402923024209
chdir → rmdir,483,1,7.285660361756253
socket → clock_nanosleep,12714,0,7.301964747164708
getsockopt → close,12817,0,7.307675406797984
socket → fcntl,112,5,7.328902813463848
openat → setpgid,13702,0,7.354933142113529
close → setpgid,13863,0,7.363201327786529
unlink → chdir,516,1,7.367128115403369
prctl → exit_group,13983,0,7.369301775706801
mount → clone,226,2,7.373048761679981
chdir → socket,525,1,7.388438690901641
clone → mount,527,1,7.393124513757119
mkdir → close,14533,0,7.396608914454628
sendmsg → wait4,15525,0,7.443347479150938
wait4 → umount2,15668,0,7.4498377281949555
setpgid → mmap,140,47,7.547724091048948
chdir → unlink,114,6,7.566992707488588
close → prctl,18931,0,7.5837637302534295
openat → prctl,20177,0,7.628894630763198
write → unshare,652,1,7.655300796724588
chdir → exit_group,659,1,7.6684487113166
symlink → write,660,1,7.670315529899816
setpgid → setpgid,21437,0,7.671785936256656
mount → write,104,14,7.698257615399421
umount2 → close,23510,0,7.737152162327493
sendmsg → close,23609,0,7.740128032096407
prctl → prctl,23689,0,7.7425236857059
getsockopt → getsockopt,25113,0,7.783865621350748
ioctl → read,109,17,7.831153996744601
write → prlimit64,160,4,7.859423986918578
exit_group → recvfrom,111,12,7.94775065555217
getpid → close,114,18,8.002132009588514
socketpair → wait4,117,21,8.017764970589129
prlimit64 → close,219,3,8.020020758462966
unshare → close,885,1,8.031278061699908
wait4 → writev,925,1,8.085642035489736
rmdir → clone,950,1,8.118434621596268
mmap → rt_sigaction,156,5,8.13831138753646
ftruncate → pwrite64,184,4,8.165482820715589
prctl → close,43518,0,8.173442749376129
socket → sendmsg,43599,0,8.174761219603841
ioctl → clock_nanosleep,44325,0,8.18647070027987
setpgid → prlimit64,242,3,8.211095490134518
setpgid → close,48195,0,8.245829711162571
clone → recvfrom,193,4,8.269888668451372
prctl → openat,51356,0,8.290888013585025
bind → connect,127,23,8.34528762777706
wait4 → prlimit64,144,37,8.35535347680928
close → prlimit64,263,3,8.370110759358472
close → memfd_create,208,4,8.43335879860336
write → dup,272,3,8.434356842477445
clock_nanosleep → sendto,1251,1,8.456733491265249
getsockname → ioctl,140,8,8.457815489602796
mkdir → chdir,1257,1,8.462612298479668
access → close,212,4,8.47492787334969
unshare → mount,126,15,8.478740795169625
ioctl → exit_group,76565,0,8.574375201288772
sendto → openat,481,2,8.583830187187298
ioctl → wait4,77665,0,8.584509651654919
clock_nanosleep → prctl,79041,0,8.596987670268428
rmdir → rmdir,1430,1,8.621019880739514
close → writev,149,36,8.624601006218517
openat → recvfrom,496,2,8.632884798629041
mount → wait4,1449,1,8.637232188375563
prctl → setpgid,87025,0,8.665378575034072
pwrite64 → openat,156,8,8.788814575519229
openat → prlimit64,207,5,8.82541619130008
newfstatat → rmdir,1764,1,8.878794922984884
writev → socket,1813,1,8.912433964027429
openat → chdir,1849,1,8.936572958081614
newfstatat → chdir,1911,1,8.97706262963203
setpgid → clock_nanosleep,137848,0,8.992824089775926
setsockopt → openat,651,2,9.066813181061411
bind → wait4,2074,1,9.077538285673988
prctl → wait4,157677,0,9.088719020444422
clone → prctl,157951,0,9.089958628968871
prlimit64 → write,146,17,9.122052016136998
chdir → openat,2316,1,9.212990191200705
openat → rmdir,2370,1,9.241275573730194
chdir → mkdir,744,2,9.2796142593771
sendmsg → sendmsg,2732,1,9.415697791599042
prctl → clock_nanosleep,250474,0,9.420016945550923
unlink → unlink,921,687,9.431028049506738
prlimit64 → openat,214,70,9.433329330480248
clock_nanosleep → setpgid,289752,0,9.524739409392515
wait4 → unshare,240,6,9.542840257730827
getdents64 → exit_group,886,2,9.557744500622162
prctl → sendto,361,4,9.631549563189237
write → unlink,167,26,9.691816326056777
unlink → getdents64,3423,1,9.692324585172189
connect → unlink,168,16,9.714510378850676
unlink → mkdir,319,5,9.86929854948362
chdir → newfstatat,594,3,9.918632094125707
setsockopt → clone,1130,2,9.944674333322673
connect → clone,1159,2,9.984956886142767
prlimit64 → setpgid,195,14,10.227679657768228
connect → openat,703,3,10.237312971227583
close → mmap,3839,3635,10.24001645102829
close → setns,276,7,10.24041750591791
bind → clone,319,6,10.290951650556282
openat → setns,200,14,10.329362139257986
write → mount,389,5,10.345706135868808
bind → socket,188,22,10.347262399477446
wait4 → mkdir,6386,1,10.457097016781102
unlink → clone,306,7,10.532389840589984
access → socket,825,3,10.539627116315158
chdir → wait4,6942,1,10.559461975296733
mount → openat,558,4,10.57159179638766
umount2 → write,1816,2,10.69822834855438
close → bind,922,3,10.74943073006823
unlink → setsockopt,303,8,10.805091161867065
writev → openat,1026,3,10.951008767158196
clock_nanosleep → sendmsg,9608,1,10.957971160506048
wait4 → chdir,9651,1,10.963446505363201
recvfrom → clone,212,29,10.977659329971576
unshare → clone,1041,3,10.978373120165962
unshare → write,681,4,11.000085032313914
mmap → socket,324,8,11.007183733010725
mmap → clock_nanosleep,264,11,11.014417399358171
symlink → close,10132,1,11.023083517439114
prctl → clone,11052,1,11.129653579044561
close → access,223,30,11.262506439782193
clone → socket,2600,2,11.267548516820241
mkdir → symlink,398,7,11.273752220439418
mkdir → unlink,359,9,11.60859706976165
unlink → rmdir,300,88,11.615224187367817
listen → socket,283,75,11.624088191297702
writev → clock_nanosleep,924,4,11.6549541283211
wait4 → dup,574,6,11.82434841397488
openat → setsockopt,1632,3,11.82504720984925
symlink → newfstatat,580,6,11.851374633059137
close → rmdir,21118,1,11.923749187668337
mount → umount2,344,11,11.949642675753307
unshare → wait4,1069,4,11.967216115059205
newfstatat → umount2,4639,2,12.18520258587488
close → umount2,29897,1,12.350270106313882
getsockopt → write,346,14,12.520273934300953
recvfrom → openat,560,9,13.019995863805159
write → mkdir,1032,6,13.343806400506976
connect → socket,653,308,13.506066510591733
getdents64 → socket,787,8,13.661759922780899
mmap → wait4,338,58,13.686083314812745
umount2 → newfstatat,12581,2,13.765258696034342
umount2 → unlink,1241,6,13.819615121541629
setns → close,511,13,13.8430997906602
rmdir → unlink,341,40,13.926019431848259
bind → bind,562,12,13.949168350417368
unlink → write,349,33,13.9734387025907
dup → wait4,890,8,14.026894192855032
openat → connect,1930,5,14.152473064840446
openat → dup,598,12,14.175378145258067
ioctl → getdents64,768,10,14.403994098567283
wait4 → mount,2213,5,14.475501352037211
clone → setpgid,21499,2,14.613812566798305
mkdir → newfstatat,1786,6,14.756871740807739
umount2 → mount,581,15,14.792818578067198
unshare → socket,451,23,14.830584651278347
sendmsg → recvfrom,8217,3,14.858848145506407
close → mount,1860,6,14.861243542638606
openat → getdents64,4645,4,15.101114861948194
umount2 → exit_group,772,12,15.10326416602102
clock_nanosleep → ioctl,29683,2,15.124828127065502
prctl → write,29701,2,15.125788714378977
umount2 → openat,10589,3,15.33418464507757
wait4 → prctl,343937,1,15.365869582306487
openat → dup2,446,34,15.52194651409057
symlink → openat,3500,5,15.556322599754663
openat → mmap,773,331,15.684848127400752
unlink → umount2,6536,4,15.827660823784859
setsockopt → socket,633,219,15.860886470005479
mount → mount,584,22,16.010201694111263
clock_nanosleep → socket,15208,3,16.01262613394367
clock_nanosleep → mmap,683,18,16.092891309361043
write → socket,4430,5,16.111220967906103
mount → mkdir,471,73,16.275153197550395
write → prctl,9126,4,16.537420982603248
openat → unlink,510,101,16.541215903870054
close → chdir,5726,5,16.71513962278019
write → getdents64,1586,10,16.795501063533123
prctl → newfstatat,527,40,16.86050932039614
rmdir → exit_group,530,41,16.939768409618928
getdents64 → write,2025,9,17.050051184137352
recvfrom → clock_nanosleep,2512,8,17.08916363303908
wait4 → bind,1529,11,17.13826817731817
unlink → newfstatat,1368,12,17.168619512031352
clock_nanosleep → newfstatat,7842,5,17.454805036134562
read → clock_nanosleep,1368,14,17.915597559773474
clone → newfstatat,1482,14,18.226057531650273
unlink → openat,836,26,18.419997550943773
socket → openat,2272,11,18.498679779298065
close → symlink,3660,9,18.889796973414853
wait4 → socket,15718,5,19.089286856972045
connect → sendto,1032,401,19.160050457933078
wait4 → mmap,712,151,19.34311606262648
write → umount2,1141,23,19.508397882969476
wait4 → symlink,3129,11,19.594782302471106
newfstatat → clock_nanosleep,8029,7,19.595988191409734
write → newfstatat,1127,449,19.755353544915714
mkdir → mkdir,1815,17,20.08511912432043
newfstatat → clone,1286,23,20.105127527379857
sendmmsg → close,1001,31,20.12465804460372
read → socket,9016,8,20.834712319591194
unlink → close,5331,11,21.414797649477073
newfstatat → exit_group,816,89,21.4929662545682
mount → close,5679,11,21.630490160185722
newfstatat → mkdir,1852,22,21.656384891968926
bind → close,1145,39,21.934450320026546
socket → connect,10240,8898,22.284855643260993
setsockopt → getsockopt,4515,14,22.52071669649434
chdir → close,12439,9,22.677674953443148
mkdir → openat,2932,19,22.86766389666306
mmap → openat,1013,70,23.121787680573018
clock_nanosleep → read,1511,36,23.31806568029583
setpgid → exit_group,16117,9,23.478484526443147
socket → wait4,23619,8,23.650518008770803
exit_group → newfstatat,1594,41,24.364706736342573
connect → sendmmsg,2252,29,24.3791542155723
mkdir → mount,1607,46,25.0441992781699
ioctl → write,4870,20,25.542000502119024
unshare → openat,1901,43,25.824750087644603
wait4 → ioctl,36909,9,26.039758774446817
wait4 → unlink,2591,33,26.056744858428388
unshare → unshare,4563,23,26.359067634518674
exit_group → clock_nanosleep,107715,7,26.731321851020013
close → mkdir,14188,14,26.905052894778834
sendmsg → exit_group,21338,12,26.95464995149041
symlink → symlink,6299,21,27.138766745474545
setpgid → write,33828,11,27.704812798202468
writev → close,1453,111,27.985803143927537
umount2 → umount2,5148,27,28.320483334274126
mmap → pread64,2994,1381,29.395141108166833
setsockopt → setsockopt,1799,96,29.745550711811777
newfstatat → wait4,8953,24,30.073105223128326
sendto → clock_nanosleep,1778,126,30.708018251898316
close → unshare,2176,86,31.082538779283304
clock_nanosleep → close,305958,8,31.172534080461123
clock_nanosleep → exit_group,80908,13,32.645193201892106
exit_group → clone,22425,19510,32.88446577007313
clock_nanosleep → recvfrom,2193,122,33.041908164150634
connect → setsockopt,2053,168,33.47835383842068
newfstatat → unlink,9220,33,33.51211322138404
setpgid → openat,321204,10,34.12217491980358
clone → openat,33521,23,36.089491841191304
close → unlink,7479,48,36.24365468573684
clock_nanosleep → wait4,916214,10,37.640820745790656
ioctl → openat,103668,18,37.932127317386026
recvfrom → close,16524,12252,40.41463346016684
openat → clone,36417,31,40.60199345526248
connect → ioctl,3044,438,41.50938641560562
write → ioctl,16311,54,43.3711491203331
exit_group → write,9206,79,43.81116442721473
close → setsockopt,3900,341,46.392604240848456
getdents64 → newfstatat,4057,299,46.57417989675452
wait4 → clock_nanosleep,964857,17,46.68653317364503
openat → clock_nanosleep,121859,30,46.841131774892574
close → connect,4153,347,47.696057680865465
connect → close,8686,4112,49.15276912793613
close → clock_nanosleep,336793,26,49.69038217317418
clone → exit_group,11043,142,53.76903586886751
exit_group → close,21328,94,54.34531948044507
openat → socket,5598,544,55.980990402843226
sendto → sendto,14212,7600,56.910295216533015
prlimit64 → prlimit64,6253,415,57.125432977728124
close → newfstatat,25801,17523,58.217981467722055
clone → clock_nanosleep,43242,82,58.49956659219441
clock_nanosleep → openat,228045,46,59.280027494441846
clone → write,19701,133,59.6244883621657
setsockopt → close,10092,255,60.921321589497026
close → recvfrom,8772,312,61.10435649915266
getdents64 → getdents64,8352,2426,61.52275361451557
ioctl → socket,10928,246,61.7125994233008
sendto → ioctl,7148,1143,63.28201197198553
ioctl → sendto,7224,1112,63.76159200271632
socket → recvfrom,8596,516,66.1060024847431
sendto → socket,8295,839,68.29355781079414
openat → wait4,174635,74,68.62738275131336
clone → clone,25333,14899,69.14877602886307
socket → sendto,9104,701,70.08403615628889
wait4 → newfstatat,9202,1667,71.04774983511325
newfstatat → getdents64,9848,635,71.43153293213621
write → clone,19896,290,74.6251286954444
recvfrom → recvfrom,13888,4760,74.64433616909788
sendto → close,10839,683,74.71759446896179
exit_group → openat,18494,403,79.6553075850289
openat → exit_group,229759,102,80.0780649456087
write → openat,44470,227,82.15065269437014
close → ioctl,28208,313,82.47052265238696
wait4 → setpgid,214066,118,83.73789801051402
socket → socket,31981,330,86.02922315127635
close → read,14331,3130,86.38776794061246
write → wait4,66273,214,86.55719858044111
wait4 → wait4,550077,105,90.12671007179155
wait4 → write,63860,261,91.73169993212382
wait4 → openat,145000,191,94.32599126483672
close → write,24412,745,98.77826075226095
socket → ioctl,67928,318,98.79984523718747
close → clone,42360,449,99.7698793734336
newfstatat → close,20394,4461,103.04472593434659
wait4 → exit_group,76059,50454,103.59972334941072
setpgid → wait4,59764,424,105.38766352768938
socket → close,33065,740,107.19811270248496
getdents64 → close,29469,9977,109.35559120756159
ioctl → close,72484,453,111.68378179831043
exit_group → exit_group,27826,1177,112.48075363047984
close → getdents64,29014,8564,114.15591515089523
write → exit_group,26313,2069,119.42994339499579
clock_nanosleep → clone,45419,861,120.67085545379624
ioctl → ioctl,164956,375,121.50727117490959
recvfrom → socket,55050,762,122.4498372090237
recvfrom → sendto,40840,1087,124.02101209303527
close → sendto,56852,947,130.6643009071804
clone → close,31416,2658,131.37909494495756
openat → ioctl,204279,468,135.6120936178171
write → clock_nanosleep,50276,1577,142.63031437326342
openat → close,97571,1461,166.55904518738055
close → socket,76166,24824,178.8087082610657
close → openat,384258,295954,184.80155672879226
close → exit_group,91795,32500,189.7203160996263
clock_nanosleep → write,72292,12585,200.26272364023185
sendto → recvfrom,88225,5542,213.38358968149763
exit_group → wait4,443917,1542,230.21505977967487
openat → openat,120630,5078,234.35968911169164
clone → wait4,324881,5247,310.99668390279487
clock_nanosleep → clock_nanosleep,443174,238228,322.07456914158996
close → wait4,379495,11104,388.11732021848127
wait4 → clone,448043,10137,398.0689953481523
wait4 → close,316487,29032,422.22217565374774
openat → write,429282,32357,484.3786776404224
write → close,443523,32905,491.6558579740547
close → close,1800497,84363,952.3228706888949
